"Date","Source","Site ID","POC","Daily Mean PM2.5 Concentration","UNITS","DAILY_AQI_VALUE","Site Name","DAILY_OBS_COUNT","PERCENT_COMPLETE","AQS_PARAMETER_CODE","AQS_PARAMETER_DESC","CBSA_CODE","CBSA_NAME","STATE_CODE","STATE","COUNTY_CODE","COUNTY","SITE_LATITUDE","SITE_LONGITUDE"
"01/01/2020","AQS","060590007","1","15.1","ug/m3 LC","57","Anaheim","1","100.0000","88101","PM2.5 - Local Conditions","31080","Los Angeles-Long Beach-Anaheim, CA","06","California","059","Orange","33.83062","-117.93845"
"01/02/2020","AQS","060590007","1","15.6","ug/m3 LC","58","Anaheim","1","100.0000","88101","PM2.5 - Local Conditions","31080","Los Angeles-Long Beach-Anaheim, CA","06","California","059","Orange","33.83062","-117.93845"
"01/03/2020","AQS","060590007","1","16.2","ug/m3 LC","60","Anaheim","1","100.0000","88101","PM2.5 - Local Conditions","31080","Los Angeles-Long Beach-Anaheim, CA","06","California","059","Orange","33.83062","-117.93845"
"01/04/2020","AQS","060590007","1","25.3","ug/m3 LC","79","Anaheim","1","100.0000","88101","PM2.5 - Local Conditions","31080","Los Angeles-Long Beach-Anaheim, CA","06","California","059","Orange","33.83062","-117.93845"
"01/05/2020","AQS","060590007","1","29.3","ug/m3 LC","87","Anaheim","1","100.0000","88101","PM2.5 - Local Conditions","31080","Los Angeles-Long Beach-Anaheim, CA","06","California","059","Orange","33.83062","-117.93845"
"01/06/2020","AQS","060590007","1","3.1","ug/m3 LC","13","Anaheim","1","100.0000","88101","PM2.5 - Local Conditions","31080","Los Angeles-Long Beach-Anaheim, CA","06","California","059","Orange","33.83062","-117.93845"
"01/07/2020","AQS","060590007","1","5.7","ug/m3 LC","24","Anaheim","1","100.0000","88101","PM2.5 - Local Conditions","31080","Los Angeles-Long Beach-Anaheim, CA","06","California","059","Orange","33.83062","-117.93845"
"01/08/2020","AQS","060590007","1","10.3","ug/m3 LC","43","Anaheim","1","100.0000","88101","PM2.5 - Local Conditions","31080","Los Angeles-Long Beach-Anaheim, CA","06","California","059","Orange","33.83062","-117.93845"
"01/09/2020","AQS","060590007","1","9.2","ug/m3 LC","38","Anaheim","1","100.0000","88101","PM2.5 - Local Conditions","31080","Los Angeles-Long Beach-Anaheim, CA","06","California","059","Orange","33.83062","-117.93845"
"01/10/2020","AQS","060590007","1","10.4","ug/m3 LC","43","Anaheim","1","100.0000","88101","PM2.5 - Local Conditions","31080","Los Angeles-Long Beach-Anaheim, CA","06","California","059","Orange","33.83062","-117.93845"
"01/11/2020","AQS","060590007","1","12.5","ug/m3 LC","52","Anaheim","1","100.0000","88101","PM2.5 - Local Conditions","31080","Los Angeles-Long Beach-Anaheim, CA","06","California","059","Orange","33.83062","-117.93845"
"01/12/2020","AQS","060590007","1","14.7","ug/m3 LC","56","Anaheim","1","100.0000","88101","PM2.5 - Local Conditions","31080","Los Angeles-Long Beach-Anaheim, CA","06","California","059","Orange","33.83062","-117.93845"
"01/13/2020","AQS","060590007","1","14.4","ug/m3 LC","56","Anaheim","1","100.0000","88101","PM2.5 - Local Conditions","31080","Los Angeles-Long Beach-Anaheim, CA","06","California","059","Orange","33.83062","-117.93845"
"01/14/2020","AQS","060590007","1","24.9","ug/m3 LC","78","Anaheim","1","100.0000","88101","PM2.5 - Local Conditions","31080","Los Angeles-Long Beach-Anaheim, CA","06","California","059","Orange","33.83062","-117.93845"
"01/15/2020","AQS","060590007","1","41.4","ug/m3 LC","116","Anaheim","1","100.0000","88101","PM2.5 - Local Conditions","31080","Los Angeles-Long Beach-Anaheim, CA","06","California","059","Orange","33.83062","-117.93845"
"01/16/2020","AQS","060590007","1","25.6","ug/m3 LC","79","Anaheim","1","100.0000","88101","PM2.5 - Local Conditions","31080","Los Angeles-Long Beach-Anaheim, CA","06","California","059","Orange","33.83062","-117.93845"
"01/17/2020","AQS","060590007","1","6.4","ug/m3 LC","27","Anaheim","1","100.0000","88101","PM2.5 - Local Conditions","31080","Los Angeles-Long Beach-Anaheim, CA","06","California","059","Orange","33.83062","-117.93845"
"01/18/2020","AQS","060590007","1","11.4","ug/m3 LC","48","Anaheim","1","100.0000","88101","PM2.5 - Local Conditions","31080","Los Angeles-Long Beach-Anaheim, CA","06","California","059","Orange","33.83062","-117.93845"
"01/19/2020","AQS","060590007","1","15.3","ug/m3 LC","58","Anaheim","1","100.0000","88101","PM2.5 - Local Conditions","31080","Los Angeles-Long Beach-Anaheim, CA","06","California","059","Orange","33.83062","-117.93845"
"01/20/2020","AQS","060590007","1","13.7","ug/m3 LC","54","Anaheim","1","100.0000","88101","PM2.5 - Local Conditions","31080","Los Angeles-Long Beach-Anaheim, CA","06","California","059","Orange","33.83062","-117.93845"
"01/21/2020","AQS","060590007","1","6.6","ug/m3 LC","28","Anaheim","1","100.0000","88101","PM2.5 - Local Conditions","31080","Los Angeles-Long Beach-Anaheim, CA","06","California","059","Orange","33.83062","-117.93845"
"01/22/2020","AQS","060590007","1","9.4","ug/m3 LC","39","Anaheim","1","100.0000","88101","PM2.5 - Local Conditions","31080","Los Angeles-Long Beach-Anaheim, CA","06","California","059","Orange","33.83062","-117.93845"
"01/23/2020","AQS","060590007","1","15.7","ug/m3 LC","59","Anaheim","1","100.0000","88101","PM2.5 - Local Conditions","31080","Los Angeles-Long Beach-Anaheim, CA","06","California","059","Orange","33.83062","-117.93845"
"01/24/2020","AQS","060590007","1","19.5","ug/m3 LC","67","Anaheim","1","100.0000","88101","PM2.5 - Local Conditions","31080","Los Angeles-Long Beach-Anaheim, CA","06","California","059","Orange","33.83062","-117.93845"
"01/25/2020","AQS","060590007","1","30.1","ug/m3 LC","89","Anaheim","1","100.0000","88101","PM2.5 - Local Conditions","31080","Los Angeles-Long Beach-Anaheim, CA","06","California","059","Orange","33.83062","-117.93845"
"01/26/2020","AQS","060590007","1","26.5","ug/m3 LC","81","Anaheim","1","100.0000","88101","PM2.5 - Local Conditions","31080","Los Angeles-Long Beach-Anaheim, CA","06","California","059","Orange","33.83062","-117.93845"
"01/27/2020","AQS","060590007","1","26.2","ug/m3 LC","81","Anaheim","1","100.0000","88101","PM2.5 - Local Conditions","31080","Los Angeles-Long Beach-Anaheim, CA","06","California","059","Orange","33.83062","-117.93845"
"01/28/2020","AQS","060590007","1","11.5","ug/m3 LC","48","Anaheim","1","100.0000","88101","PM2.5 - Local Conditions","31080","Los Angeles-Long Beach-Anaheim, CA","06","California","059","Orange","33.83062","-117.93845"
"01/29/2020","AQS","060590007","1","7.4","ug/m3 LC","31","Anaheim","1","100.0000","88101","PM2.5 - Local Conditions","31080","Los Angeles-Long Beach-Anaheim, CA","06","California","059","Orange","33.83062","-117.93845"
"01/30/2020","AQS","060590007","1","10.3","ug/m3 LC","43","Anaheim","1","100.0000","88101","PM2.5 - Local Conditions","31080","Los Angeles-Long Beach-Anaheim, CA","06","California","059","Orange","33.83062","-117.93845"
"01/31/2020","AQS","060590007","1","10.3","ug/m3 LC","43","Anaheim","1","100.0000","88101","PM2.5 - Local Conditions","31080","Los Angeles-Long Beach-Anaheim, CA","06","California","059","Orange","33.83062","-117.93845"
"02/01/2020","AQS","060590007","1","11.6","ug/m3 LC","48","Anaheim","1","100.0000","88101","PM2.5 - Local Conditions","31080","Los Angeles-Long Beach-Anaheim, CA","06","California","059","Orange","33.83062","-117.93845"
"02/02/2020","AQS","060590007","1","10.8","ug/m3 LC","45","Anaheim","1","100.0000","88101","PM2.5 - Local Conditions","31080","Los Angeles-Long Beach-Anaheim, CA","06","California","059","Orange","33.83062","-117.93845"
"02/03/2020","AQS","060590007","1","4.1","ug/m3 LC","17","Anaheim","1","100.0000","88101","PM2.5 - Local Conditions","31080","Los Angeles-Long Beach-Anaheim, CA","06","California","059","Orange","33.83062","-117.93845"
"02/04/2020","AQS","060590007","1","4.2","ug/m3 LC","18","Anaheim","1","100.0000","88101","PM2.5 - Local Conditions","31080","Los Angeles-Long Beach-Anaheim, CA","06","California","059","Orange","33.83062","-117.93845"
"02/05/2020","AQS","060590007","1","7.3","ug/m3 LC","30","Anaheim","1","100.0000","88101","PM2.5 - Local Conditions","31080","Los Angeles-Long Beach-Anaheim, CA","06","California","059","Orange","33.83062","-117.93845"
"02/06/2020","AQS","060590007","1","9.5","ug/m3 LC","40","Anaheim","1","100.0000","88101","PM2.5 - Local Conditions","31080","Los Angeles-Long Beach-Anaheim, CA","06","California","059","Orange","33.83062","-117.93845"
"02/07/2020","AQS","060590007","1","18.9","ug/m3 LC","65","Anaheim","1","100.0000","88101","PM2.5 - Local Conditions","31080","Los Angeles-Long Beach-Anaheim, CA","06","California","059","Orange","33.83062","-117.93845"
"02/08/2020","AQS","060590007","1","23.3","ug/m3 LC","75","Anaheim","1","100.0000","88101","PM2.5 - Local Conditions","31080","Los Angeles-Long Beach-Anaheim, CA","06","California","059","Orange","33.83062","-117.93845"
"02/09/2020","AQS","060590007","1","5.9","ug/m3 LC","25","Anaheim","1","100.0000","88101","PM2.5 - Local Conditions","31080","Los Angeles-Long Beach-Anaheim, CA","06","California","059","Orange","33.83062","-117.93845"
"02/10/2020","AQS","060590007","1","7","ug/m3 LC","29","Anaheim","1","100.0000","88101","PM2.5 - Local Conditions","31080","Los Angeles-Long Beach-Anaheim, CA","06","California","059","Orange","33.83062","-117.93845"
"02/11/2020","AQS","060590007","1","6.9","ug/m3 LC","29","Anaheim","1","100.0000","88101","PM2.5 - Local Conditions","31080","Los Angeles-Long Beach-Anaheim, CA","06","California","059","Orange","33.83062","-117.93845"
"02/12/2020","AQS","060590007","1","8.3","ug/m3 LC","35","Anaheim","1","100.0000","88101","PM2.5 - Local Conditions","31080","Los Angeles-Long Beach-Anaheim, CA","06","California","059","Orange","33.83062","-117.93845"
"02/13/2020","AQS","060590007","1","13.1","ug/m3 LC","53","Anaheim","1","100.0000","88101","PM2.5 - Local Conditions","31080","Los Angeles-Long Beach-Anaheim, CA","06","California","059","Orange","33.83062","-117.93845"
"02/14/2020","AQS","060590007","1","15.5","ug/m3 LC","58","Anaheim","1","100.0000","88101","PM2.5 - Local Conditions","31080","Los Angeles-Long Beach-Anaheim, CA","06","California","059","Orange","33.83062","-117.93845"
"02/15/2020","AQS","060590007","1","12.8","ug/m3 LC","52","Anaheim","1","100.0000","88101","PM2.5 - Local Conditions","31080","Los Angeles-Long Beach-Anaheim, CA","06","California","059","Orange","33.83062","-117.93845"
"02/16/2020","AQS","060590007","1","14","ug/m3 LC","55","Anaheim","1","100.0000","88101","PM2.5 - Local Conditions","31080","Los Angeles-Long Beach-Anaheim, CA","06","California","059","Orange","33.83062","-117.93845"
"02/17/2020","AQS","060590007","1","15.8","ug/m3 LC","59","Anaheim","1","100.0000","88101","PM2.5 - Local Conditions","31080","Los Angeles-Long Beach-Anaheim, CA","06","California","059","Orange","33.83062","-117.93845"
"02/18/2020","AQS","060590007","1","12.2","ug/m3 LC","51","Anaheim","1","100.0000","88101","PM2.5 - Local Conditions","31080","Los Angeles-Long Beach-Anaheim, CA","06","California","059","Orange","33.83062","-117.93845"
"02/19/2020","AQS","060590007","1","12.9","ug/m3 LC","53","Anaheim","1","100.0000","88101","PM2.5 - Local Conditions","31080","Los Angeles-Long Beach-Anaheim, CA","06","California","059","Orange","33.83062","-117.93845"
"02/20/2020","AQS","060590007","1","14.8","ug/m3 LC","57","Anaheim","1","100.0000","88101","PM2.5 - Local Conditions","31080","Los Angeles-Long Beach-Anaheim, CA","06","California","059","Orange","33.83062","-117.93845"
"02/21/2020","AQS","060590007","1","11.5","ug/m3 LC","48","Anaheim","1","100.0000","88101","PM2.5 - Local Conditions","31080","Los Angeles-Long Beach-Anaheim, CA","06","California","059","Orange","33.83062","-117.93845"
"02/22/2020","AQS","060590007","1","5.7","ug/m3 LC","24","Anaheim","1","100.0000","88101","PM2.5 - Local Conditions","31080","Los Angeles-Long Beach-Anaheim, CA","06","California","059","Orange","33.83062","-117.93845"
"02/23/2020","AQS","060590007","1","9.7","ug/m3 LC","40","Anaheim","1","100.0000","88101","PM2.5 - Local Conditions","31080","Los Angeles-Long Beach-Anaheim, CA","06","California","059","Orange","33.83062","-117.93845"
"02/24/2020","AQS","060590007","1","13.4","ug/m3 LC","54","Anaheim","1","100.0000","88101","PM2.5 - Local Conditions","31080","Los Angeles-Long Beach-Anaheim, CA","06","California","059","Orange","33.83062","-117.93845"
"02/25/2020","AQS","060590007","1","9.6","ug/m3 LC","40","Anaheim","1","100.0000","88101","PM2.5 - Local Conditions","31080","Los Angeles-Long Beach-Anaheim, CA","06","California","059","Orange","33.83062","-117.93845"
"02/26/2020","AQS","060590007","1","6.4","ug/m3 LC","27","Anaheim","1","100.0000","88101","PM2.5 - Local Conditions","31080","Los Angeles-Long Beach-Anaheim, CA","06","California","059","Orange","33.83062","-117.93845"
"02/27/2020","AQS","060590007","1","8.2","ug/m3 LC","34","Anaheim","1","100.0000","88101","PM2.5 - Local Conditions","31080","Los Angeles-Long Beach-Anaheim, CA","06","California","059","Orange","33.83062","-117.93845"
"02/28/2020","AQS","060590007","1","5.6","ug/m3 LC","23","Anaheim","1","100.0000","88101","PM2.5 - Local Conditions","31080","Los Angeles-Long Beach-Anaheim, CA","06","California","059","Orange","33.83062","-117.93845"
"02/29/2020","AQS","060590007","1","8.1","ug/m3 LC","34","Anaheim","1","100.0000","88101","PM2.5 - Local Conditions","31080","Los Angeles-Long Beach-Anaheim, CA","06","California","059","Orange","33.83062","-117.93845"
"03/01/2020","AQS","060590007","1","6.2","ug/m3 LC","26","Anaheim","1","100.0000","88101","PM2.5 - Local Conditions","31080","Los Angeles-Long Beach-Anaheim, CA","06","California","059","Orange","33.83062","-117.93845"
"03/02/2020","AQS","060590007","1","5.7","ug/m3 LC","24","Anaheim","1","100.0000","88101","PM2.5 - Local Conditions","31080","Los Angeles-Long Beach-Anaheim, CA","06","California","059","Orange","33.83062","-117.93845"
"03/03/2020","AQS","060590007","1","6.5","ug/m3 LC","27","Anaheim","1","100.0000","88101","PM2.5 - Local Conditions","31080","Los Angeles-Long Beach-Anaheim, CA","06","California","059","Orange","33.83062","-117.93845"
"03/04/2020","AQS","060590007","1","13.6","ug/m3 LC","54","Anaheim","1","100.0000","88101","PM2.5 - Local Conditions","31080","Los Angeles-Long Beach-Anaheim, CA","06","California","059","Orange","33.83062","-117.93845"
"03/05/2020","AQS","060590007","1","16.2","ug/m3 LC","60","Anaheim","1","100.0000","88101","PM2.5 - Local Conditions","31080","Los Angeles-Long Beach-Anaheim, CA","06","California","059","Orange","33.83062","-117.93845"
"03/06/2020","AQS","060590007","1","8.3","ug/m3 LC","35","Anaheim","1","100.0000","88101","PM2.5 - Local Conditions","31080","Los Angeles-Long Beach-Anaheim, CA","06","California","059","Orange","33.83062","-117.93845"
"03/07/2020","AQS","060590007","1","2.3","ug/m3 LC","10","Anaheim","1","100.0000","88101","PM2.5 - Local Conditions","31080","Los Angeles-Long Beach-Anaheim, CA","06","California","059","Orange","33.83062","-117.93845"
"03/11/2020","AQS","060590007","1","2.8","ug/m3 LC","12","Anaheim","1","100.0000","88101","PM2.5 - Local Conditions","31080","Los Angeles-Long Beach-Anaheim, CA","06","California","059","Orange","33.83062","-117.93845"
"03/12/2020","AQS","060590007","1","7.7","ug/m3 LC","32","Anaheim","1","100.0000","88101","PM2.5 - Local Conditions","31080","Los Angeles-Long Beach-Anaheim, CA","06","California","059","Orange","33.83062","-117.93845"
"03/14/2020","AQS","060590007","1","3.1","ug/m3 LC","13","Anaheim","1","100.0000","88101","PM2.5 - Local Conditions","31080","Los Angeles-Long Beach-Anaheim, CA","06","California","059","Orange","33.83062","-117.93845"
"03/15/2020","AQS","060590007","1","4.1","ug/m3 LC","17","Anaheim","1","100.0000","88101","PM2.5 - Local Conditions","31080","Los Angeles-Long Beach-Anaheim, CA","06","California","059","Orange","33.83062","-117.93845"
"03/16/2020","AQS","060590007","1","4","ug/m3 LC","17","Anaheim","1","100.0000","88101","PM2.5 - Local Conditions","31080","Los Angeles-Long Beach-Anaheim, CA","06","California","059","Orange","33.83062","-117.93845"
"03/17/2020","AQS","060590007","1","3.5","ug/m3 LC","15","Anaheim","1","100.0000","88101","PM2.5 - Local Conditions","31080","Los Angeles-Long Beach-Anaheim, CA","06","California","059","Orange","33.83062","-117.93845"
"03/18/2020","AQS","060590007","1","5.4","ug/m3 LC","23","Anaheim","1","100.0000","88101","PM2.5 - Local Conditions","31080","Los Angeles-Long Beach-Anaheim, CA","06","California","059","Orange","33.83062","-117.93845"
"03/19/2020","AQS","060590007","1","3.5","ug/m3 LC","15","Anaheim","1","100.0000","88101","PM2.5 - Local Conditions","31080","Los Angeles-Long Beach-Anaheim, CA","06","California","059","Orange","33.83062","-117.93845"
"03/20/2020","AQS","060590007","1","3.5","ug/m3 LC","15","Anaheim","1","100.0000","88101","PM2.5 - Local Conditions","31080","Los Angeles-Long Beach-Anaheim, CA","06","California","059","Orange","33.83062","-117.93845"
"03/21/2020","AQS","060590007","1","4.3","ug/m3 LC","18","Anaheim","1","100.0000","88101","PM2.5 - Local Conditions","31080","Los Angeles-Long Beach-Anaheim, CA","06","California","059","Orange","33.83062","-117.93845"
"03/22/2020","AQS","060590007","1","2.5","ug/m3 LC","10","Anaheim","1","100.0000","88101","PM2.5 - Local Conditions","31080","Los Angeles-Long Beach-Anaheim, CA","06","California","059","Orange","33.83062","-117.93845"
"03/23/2020","AQS","060590007","1","2.6","ug/m3 LC","11","Anaheim","1","100.0000","88101","PM2.5 - Local Conditions","31080","Los Angeles-Long Beach-Anaheim, CA","06","California","059","Orange","33.83062","-117.93845"
"03/24/2020","AQS","060590007","1","3.4","ug/m3 LC","14","Anaheim","1","100.0000","88101","PM2.5 - Local Conditions","31080","Los Angeles-Long Beach-Anaheim, CA","06","California","059","Orange","33.83062","-117.93845"
"03/25/2020","AQS","060590007","1","2.5","ug/m3 LC","10","Anaheim","1","100.0000","88101","PM2.5 - Local Conditions","31080","Los Angeles-Long Beach-Anaheim, CA","06","California","059","Orange","33.83062","-117.93845"
"03/26/2020","AQS","060590007","1","3.2","ug/m3 LC","13","Anaheim","1","100.0000","88101","PM2.5 - Local Conditions","31080","Los Angeles-Long Beach-Anaheim, CA","06","California","059","Orange","33.83062","-117.93845"
"03/27/2020","AQS","060590007","1","4.8","ug/m3 LC","20","Anaheim","1","100.0000","88101","PM2.5 - Local Conditions","31080","Los Angeles-Long Beach-Anaheim, CA","06","California","059","Orange","33.83062","-117.93845"
"03/28/2020","AQS","060590007","1","6.2","ug/m3 LC","26","Anaheim","1","100.0000","88101","PM2.5 - Local Conditions","31080","Los Angeles-Long Beach-Anaheim, CA","06","California","059","Orange","33.83062","-117.93845"
"03/29/2020","AQS","060590007","1","7.3","ug/m3 LC","30","Anaheim","1","100.0000","88101","PM2.5 - Local Conditions","31080","Los Angeles-Long Beach-Anaheim, CA","06","California","059","Orange","33.83062","-117.93845"
"03/30/2020","AQS","060590007","1","7.1","ug/m3 LC","30","Anaheim","1","100.0000","88101","PM2.5 - Local Conditions","31080","Los Angeles-Long Beach-Anaheim, CA","06","California","059","Orange","33.83062","-117.93845"
"03/31/2020","AQS","060590007","1","9","ug/m3 LC","38","Anaheim","1","100.0000","88101","PM2.5 - Local Conditions","31080","Los Angeles-Long Beach-Anaheim, CA","06","California","059","Orange","33.83062","-117.93845"
"01/01/2020","AQS","060590007","3","14.7","ug/m3 LC","56","Anaheim","1","100.0000","88502","Acceptable PM2.5 AQI & Speciation Mass","31080","Los Angeles-Long Beach-Anaheim, CA","06","California","059","Orange","33.83062","-117.93845"
"01/02/2020","AQS","060590007","3","14.2","ug/m3 LC","55","Anaheim","1","100.0000","88502","Acceptable PM2.5 AQI & Speciation Mass","31080","Los Angeles-Long Beach-Anaheim, CA","06","California","059","Orange","33.83062","-117.93845"
"01/03/2020","AQS","060590007","3","15.8","ug/m3 LC","59","Anaheim","1","100.0000","88502","Acceptable PM2.5 AQI & Speciation Mass","31080","Los Angeles-Long Beach-Anaheim, CA","06","California","059","Orange","33.83062","-117.93845"
"01/04/2020","AQS","060590007","3","21.3","ug/m3 LC","70","Anaheim","1","100.0000","88502","Acceptable PM2.5 AQI & Speciation Mass","31080","Los Angeles-Long Beach-Anaheim, CA","06","California","059","Orange","33.83062","-117.93845"
"01/05/2020","AQS","060590007","3","25","ug/m3 LC","78","Anaheim","1","100.0000","88502","Acceptable PM2.5 AQI & Speciation Mass","31080","Los Angeles-Long Beach-Anaheim, CA","06","California","059","Orange","33.83062","-117.93845"
"01/06/2020","AQS","060590007","3","3.2","ug/m3 LC","13","Anaheim","1","100.0000","88502","Acceptable PM2.5 AQI & Speciation Mass","31080","Los Angeles-Long Beach-Anaheim, CA","06","California","059","Orange","33.83062","-117.93845"
"01/07/2020","AQS","060590007","3","4.9","ug/m3 LC","20","Anaheim","1","100.0000","88502","Acceptable PM2.5 AQI & Speciation Mass","31080","Los Angeles-Long Beach-Anaheim, CA","06","California","059","Orange","33.83062","-117.93845"
"01/08/2020","AQS","060590007","3","8.4","ug/m3 LC","35","Anaheim","1","100.0000","88502","Acceptable PM2.5 AQI & Speciation Mass","31080","Los Angeles-Long Beach-Anaheim, CA","06","California","059","Orange","33.83062","-117.93845"
"01/09/2020","AQS","060590007","3","7.8","ug/m3 LC","33","Anaheim","1","100.0000","88502","Acceptable PM2.5 AQI & Speciation Mass","31080","Los Angeles-Long Beach-Anaheim, CA","06","California","059","Orange","33.83062","-117.93845"
"01/10/2020","AQS","060590007","3","9","ug/m3 LC","38","Anaheim","1","100.0000","88502","Acceptable PM2.5 AQI & Speciation Mass","31080","Los Angeles-Long Beach-Anaheim, CA","06","California","059","Orange","33.83062","-117.93845"
"01/11/2020","AQS","060590007","3","10.9","ug/m3 LC","45","Anaheim","1","100.0000","88502","Acceptable PM2.5 AQI & Speciation Mass","31080","Los Angeles-Long Beach-Anaheim, CA","06","California","059","Orange","33.83062","-117.93845"
"01/12/2020","AQS","060590007","3","13.1","ug/m3 LC","53","Anaheim","1","100.0000","88502","Acceptable PM2.5 AQI & Speciation Mass","31080","Los Angeles-Long Beach-Anaheim, CA","06","California","059","Orange","33.83062","-117.93845"
"01/13/2020","AQS","060590007","3","13.7","ug/m3 LC","54","Anaheim","1","100.0000","88502","Acceptable PM2.5 AQI & Speciation Mass","31080","Los Angeles-Long Beach-Anaheim, CA","06","California","059","Orange","33.83062","-117.93845"
"01/14/2020","AQS","060590007","3","20.9","ug/m3 LC","70","Anaheim","1","100.0000","88502","Acceptable PM2.5 AQI & Speciation Mass","31080","Los Angeles-Long Beach-Anaheim, CA","06","California","059","Orange","33.83062","-117.93845"
"01/15/2020","AQS","060590007","3","33.5","ug/m3 LC","96","Anaheim","1","100.0000","88502","Acceptable PM2.5 AQI & Speciation Mass","31080","Los Angeles-Long Beach-Anaheim, CA","06","California","059","Orange","33.83062","-117.93845"
"01/16/2020","AQS","060590007","3","24.2","ug/m3 LC","76","Anaheim","1","100.0000","88502","Acceptable PM2.5 AQI & Speciation Mass","31080","Los Angeles-Long Beach-Anaheim, CA","06","California","059","Orange","33.83062","-117.93845"
"01/17/2020","AQS","060590007","3","6.1","ug/m3 LC","25","Anaheim","1","100.0000","88502","Acceptable PM2.5 AQI & Speciation Mass","31080","Los Angeles-Long Beach-Anaheim, CA","06","California","059","Orange","33.83062","-117.93845"
"01/18/2020","AQS","060590007","3","12.3","ug/m3 LC","51","Anaheim","1","100.0000","88502","Acceptable PM2.5 AQI & Speciation Mass","31080","Los Angeles-Long Beach-Anaheim, CA","06","California","059","Orange","33.83062","-117.93845"
"01/19/2020","AQS","060590007","3","15.4","ug/m3 LC","58","Anaheim","1","100.0000","88502","Acceptable PM2.5 AQI & Speciation Mass","31080","Los Angeles-Long Beach-Anaheim, CA","06","California","059","Orange","33.83062","-117.93845"
"01/20/2020","AQS","060590007","3","12.8","ug/m3 LC","52","Anaheim","1","100.0000","88502","Acceptable PM2.5 AQI & Speciation Mass","31080","Los Angeles-Long Beach-Anaheim, CA","06","California","059","Orange","33.83062","-117.93845"
"01/21/2020","AQS","060590007","3","6.3","ug/m3 LC","26","Anaheim","1","100.0000","88502","Acceptable PM2.5 AQI & Speciation Mass","31080","Los Angeles-Long Beach-Anaheim, CA","06","California","059","Orange","33.83062","-117.93845"
"01/22/2020","AQS","060590007","3","8.8","ug/m3 LC","37","Anaheim","1","100.0000","88502","Acceptable PM2.5 AQI & Speciation Mass","31080","Los Angeles-Long Beach-Anaheim, CA","06","California","059","Orange","33.83062","-117.93845"
"01/23/2020","AQS","060590007","3","14.4","ug/m3 LC","56","Anaheim","1","100.0000","88502","Acceptable PM2.5 AQI & Speciation Mass","31080","Los Angeles-Long Beach-Anaheim, CA","06","California","059","Orange","33.83062","-117.93845"
"01/24/2020","AQS","060590007","3","16.3","ug/m3 LC","60","Anaheim","1","100.0000","88502","Acceptable PM2.5 AQI & Speciation Mass","31080","Los Angeles-Long Beach-Anaheim, CA","06","California","059","Orange","33.83062","-117.93845"
"01/25/2020","AQS","060590007","3","29.7","ug/m3 LC","88","Anaheim","1","100.0000","88502","Acceptable PM2.5 AQI & Speciation Mass","31080","Los Angeles-Long Beach-Anaheim, CA","06","California","059","Orange","33.83062","-117.93845"
"01/28/2020","AQS","060590007","3","12.6","ug/m3 LC","52","Anaheim","1","100.0000","88502","Acceptable PM2.5 AQI & Speciation Mass","31080","Los Angeles-Long Beach-Anaheim, CA","06","California","059","Orange","33.83062","-117.93845"
"01/29/2020","AQS","060590007","3","7.4","ug/m3 LC","31","Anaheim","1","100.0000","88502","Acceptable PM2.5 AQI & Speciation Mass","31080","Los Angeles-Long Beach-Anaheim, CA","06","California","059","Orange","33.83062","-117.93845"
"01/30/2020","AQS","060590007","3","10.1","ug/m3 LC","42","Anaheim","1","100.0000","88502","Acceptable PM2.5 AQI & Speciation Mass","31080","Los Angeles-Long Beach-Anaheim, CA","06","California","059","Orange","33.83062","-117.93845"
"01/31/2020","AQS","060590007","3","9.3","ug/m3 LC","39","Anaheim","1","100.0000","88502","Acceptable PM2.5 AQI & Speciation Mass","31080","Los Angeles-Long Beach-Anaheim, CA","06","California","059","Orange","33.83062","-117.93845"
"02/01/2020","AQS","060590007","3","10.9","ug/m3 LC","45","Anaheim","1","100.0000","88502","Acceptable PM2.5 AQI & Speciation Mass","31080","Los Angeles-Long Beach-Anaheim, CA","06","California","059","Orange","33.83062","-117.93845"
"02/02/2020","AQS","060590007","3","9.8","ug/m3 LC","41","Anaheim","1","100.0000","88502","Acceptable PM2.5 AQI & Speciation Mass","31080","Los Angeles-Long Beach-Anaheim, CA","06","California","059","Orange","33.83062","-117.93845"
"02/03/2020","AQS","060590007","3","3.9","ug/m3 LC","16","Anaheim","1","100.0000","88502","Acceptable PM2.5 AQI & Speciation Mass","31080","Los Angeles-Long Beach-Anaheim, CA","06","California","059","Orange","33.83062","-117.93845"
"02/04/2020","AQS","060590007","3","2.7","ug/m3 LC","11","Anaheim","1","100.0000","88502","Acceptable PM2.5 AQI & Speciation Mass","31080","Los Angeles-Long Beach-Anaheim, CA","06","California","059","Orange","33.83062","-117.93845"
"02/05/2020","AQS","060590007","3","7.4","ug/m3 LC","31","Anaheim","1","100.0000","88502","Acceptable PM2.5 AQI & Speciation Mass","31080","Los Angeles-Long Beach-Anaheim, CA","06","California","059","Orange","33.83062","-117.93845"
"02/06/2020","AQS","060590007","3","9.4","ug/m3 LC","39","Anaheim","1","100.0000","88502","Acceptable PM2.5 AQI & Speciation Mass","31080","Los Angeles-Long Beach-Anaheim, CA","06","California","059","Orange","33.83062","-117.93845"
"02/07/2020","AQS","060590007","3","17.6","ug/m3 LC","63","Anaheim","1","100.0000","88502","Acceptable PM2.5 AQI & Speciation Mass","31080","Los Angeles-Long Beach-Anaheim, CA","06","California","059","Orange","33.83062","-117.93845"
"02/08/2020","AQS","060590007","3","20.7","ug/m3 LC","69","Anaheim","1","100.0000","88502","Acceptable PM2.5 AQI & Speciation Mass","31080","Los Angeles-Long Beach-Anaheim, CA","06","California","059","Orange","33.83062","-117.93845"
"02/09/2020","AQS","060590007","3","6.6","ug/m3 LC","28","Anaheim","1","100.0000","88502","Acceptable PM2.5 AQI & Speciation Mass","31080","Los Angeles-Long Beach-Anaheim, CA","06","California","059","Orange","33.83062","-117.93845"
"02/10/2020","AQS","060590007","3","7.1","ug/m3 LC","30","Anaheim","1","100.0000","88502","Acceptable PM2.5 AQI & Speciation Mass","31080","Los Angeles-Long Beach-Anaheim, CA","06","California","059","Orange","33.83062","-117.93845"
"02/11/2020","AQS","060590007","3","6.9","ug/m3 LC","29","Anaheim","1","100.0000","88502","Acceptable PM2.5 AQI & Speciation Mass","31080","Los Angeles-Long Beach-Anaheim, CA","06","California","059","Orange","33.83062","-117.93845"
"02/12/2020","AQS","060590007","3","8.6","ug/m3 LC","36","Anaheim","1","100.0000","88502","Acceptable PM2.5 AQI & Speciation Mass","31080","Los Angeles-Long Beach-Anaheim, CA","06","California","059","Orange","33.83062","-117.93845"
"02/13/2020","AQS","060590007","3","13.6","ug/m3 LC","54","Anaheim","1","100.0000","88502","Acceptable PM2.5 AQI & Speciation Mass","31080","Los Angeles-Long Beach-Anaheim, CA","06","California","059","Orange","33.83062","-117.93845"
"02/14/2020","AQS","060590007","3","14","ug/m3 LC","55","Anaheim","1","100.0000","88502","Acceptable PM2.5 AQI & Speciation Mass","31080","Los Angeles-Long Beach-Anaheim, CA","06","California","059","Orange","33.83062","-117.93845"
"02/15/2020","AQS","060590007","3","11.7","ug/m3 LC","49","Anaheim","1","100.0000","88502","Acceptable PM2.5 AQI & Speciation Mass","31080","Los Angeles-Long Beach-Anaheim, CA","06","California","059","Orange","33.83062","-117.93845"
"02/16/2020","AQS","060590007","3","13.7","ug/m3 LC","54","Anaheim","1","100.0000","88502","Acceptable PM2.5 AQI & Speciation Mass","31080","Los Angeles-Long Beach-Anaheim, CA","06","California","059","Orange","33.83062","-117.93845"
"02/17/2020","AQS","060590007","3","14.9","ug/m3 LC","57","Anaheim","1","100.0000","88502","Acceptable PM2.5 AQI & Speciation Mass","31080","Los Angeles-Long Beach-Anaheim, CA","06","California","059","Orange","33.83062","-117.93845"
"02/18/2020","AQS","060590007","3","11.5","ug/m3 LC","48","Anaheim","1","100.0000","88502","Acceptable PM2.5 AQI & Speciation Mass","31080","Los Angeles-Long Beach-Anaheim, CA","06","California","059","Orange","33.83062","-117.93845"
"02/19/2020","AQS","060590007","3","12.3","ug/m3 LC","51","Anaheim","1","100.0000","88502","Acceptable PM2.5 AQI & Speciation Mass","31080","Los Angeles-Long Beach-Anaheim, CA","06","California","059","Orange","33.83062","-117.93845"
"02/20/2020","AQS","060590007","3","16.8","ug/m3 LC","61","Anaheim","1","100.0000","88502","Acceptable PM2.5 AQI & Speciation Mass","31080","Los Angeles-Long Beach-Anaheim, CA","06","California","059","Orange","33.83062","-117.93845"
"02/21/2020","AQS","060590007","3","11.7","ug/m3 LC","49","Anaheim","1","100.0000","88502","Acceptable PM2.5 AQI & Speciation Mass","31080","Los Angeles-Long Beach-Anaheim, CA","06","California","059","Orange","33.83062","-117.93845"
"02/22/2020","AQS","060590007","3","4.5","ug/m3 LC","19","Anaheim","1","100.0000","88502","Acceptable PM2.5 AQI & Speciation Mass","31080","Los Angeles-Long Beach-Anaheim, CA","06","California","059","Orange","33.83062","-117.93845"
"02/23/2020","AQS","060590007","3","9.3","ug/m3 LC","39","Anaheim","1","100.0000","88502","Acceptable PM2.5 AQI & Speciation Mass","31080","Los Angeles-Long Beach-Anaheim, CA","06","California","059","Orange","33.83062","-117.93845"
"02/24/2020","AQS","060590007","3","12.6","ug/m3 LC","52","Anaheim","1","100.0000","88502","Acceptable PM2.5 AQI & Speciation Mass","31080","Los Angeles-Long Beach-Anaheim, CA","06","California","059","Orange","33.83062","-117.93845"
"02/25/2020","AQS","060590007","3","11.9","ug/m3 LC","50","Anaheim","1","100.0000","88502","Acceptable PM2.5 AQI & Speciation Mass","31080","Los Angeles-Long Beach-Anaheim, CA","06","California","059","Orange","33.83062","-117.93845"
"02/26/2020","AQS","060590007","3","4.7","ug/m3 LC","20","Anaheim","1","100.0000","88502","Acceptable PM2.5 AQI & Speciation Mass","31080","Los Angeles-Long Beach-Anaheim, CA","06","California","059","Orange","33.83062","-117.93845"
"02/27/2020","AQS","060590007","3","5.2","ug/m3 LC","22","Anaheim","1","100.0000","88502","Acceptable PM2.5 AQI & Speciation Mass","31080","Los Angeles-Long Beach-Anaheim, CA","06","California","059","Orange","33.83062","-117.93845"
"02/28/2020","AQS","060590007","3","4.6","ug/m3 LC","19","Anaheim","1","100.0000","88502","Acceptable PM2.5 AQI & Speciation Mass","31080","Los Angeles-Long Beach-Anaheim, CA","06","California","059","Orange","33.83062","-117.93845"
"02/29/2020","AQS","060590007","3","7.2","ug/m3 LC","30","Anaheim","1","100.0000","88502","Acceptable PM2.5 AQI & Speciation Mass","31080","Los Angeles-Long Beach-Anaheim, CA","06","California","059","Orange","33.83062","-117.93845"
"03/01/2020","AQS","060590007","3","5.8","ug/m3 LC","24","Anaheim","1","100.0000","88502","Acceptable PM2.5 AQI & Speciation Mass","31080","Los Angeles-Long Beach-Anaheim, CA","06","California","059","Orange","33.83062","-117.93845"
"03/02/2020","AQS","060590007","3","3.2","ug/m3 LC","13","Anaheim","1","100.0000","88502","Acceptable PM2.5 AQI & Speciation Mass","31080","Los Angeles-Long Beach-Anaheim, CA","06","California","059","Orange","33.83062","-117.93845"
"03/03/2020","AQS","060590007","3","4.5","ug/m3 LC","19","Anaheim","1","100.0000","88502","Acceptable PM2.5 AQI & Speciation Mass","31080","Los Angeles-Long Beach-Anaheim, CA","06","California","059","Orange","33.83062","-117.93845"
"03/04/2020","AQS","060590007","3","11.4","ug/m3 LC","48","Anaheim","1","100.0000","88502","Acceptable PM2.5 AQI & Speciation Mass","31080","Los Angeles-Long Beach-Anaheim, CA","06","California","059","Orange","33.83062","-117.93845"
"03/05/2020","AQS","060590007","3","17.1","ug/m3 LC","62","Anaheim","1","100.0000","88502","Acceptable PM2.5 AQI & Speciation Mass","31080","Los Angeles-Long Beach-Anaheim, CA","06","California","059","Orange","33.83062","-117.93845"
"03/06/2020","AQS","060590007","3","8.6","ug/m3 LC","36","Anaheim","1","100.0000","88502","Acceptable PM2.5 AQI & Speciation Mass","31080","Los Angeles-Long Beach-Anaheim, CA","06","California","059","Orange","33.83062","-117.93845"
"03/07/2020","AQS","060590007","3","2.1","ug/m3 LC","9","Anaheim","1","100.0000","88502","Acceptable PM2.5 AQI & Speciation Mass","31080","Los Angeles-Long Beach-Anaheim, CA","06","California","059","Orange","33.83062","-117.93845"
"03/08/2020","AQS","060590007","3","2.4","ug/m3 LC","10","Anaheim","1","100.0000","88502","Acceptable PM2.5 AQI & Speciation Mass","31080","Los Angeles-Long Beach-Anaheim, CA","06","California","059","Orange","33.83062","-117.93845"
"03/09/2020","AQS","060590007","3","2.9","ug/m3 LC","12","Anaheim","1","100.0000","88502","Acceptable PM2.5 AQI & Speciation Mass","31080","Los Angeles-Long Beach-Anaheim, CA","06","California","059","Orange","33.83062","-117.93845"
"03/10/2020","AQS","060590007","3","3.6","ug/m3 LC","15","Anaheim","1","100.0000","88502","Acceptable PM2.5 AQI & Speciation Mass","31080","Los Angeles-Long Beach-Anaheim, CA","06","California","059","Orange","33.83062","-117.93845"
"03/11/2020","AQS","060590007","3","2.4","ug/m3 LC","10","Anaheim","1","100.0000","88502","Acceptable PM2.5 AQI & Speciation Mass","31080","Los Angeles-Long Beach-Anaheim, CA","06","California","059","Orange","33.83062","-117.93845"
"03/12/2020","AQS","060590007","3","6.4","ug/m3 LC","27","Anaheim","1","100.0000","88502","Acceptable PM2.5 AQI & Speciation Mass","31080","Los Angeles-Long Beach-Anaheim, CA","06","California","059","Orange","33.83062","-117.93845"
"03/13/2020","AQS","060590007","3","4.1","ug/m3 LC","17","Anaheim","1","100.0000","88502","Acceptable PM2.5 AQI & Speciation Mass","31080","Los Angeles-Long Beach-Anaheim, CA","06","California","059","Orange","33.83062","-117.93845"
"03/14/2020","AQS","060590007","3","3.4","ug/m3 LC","14","Anaheim","1","100.0000","88502","Acceptable PM2.5 AQI & Speciation Mass","31080","Los Angeles-Long Beach-Anaheim, CA","06","California","059","Orange","33.83062","-117.93845"
"03/15/2020","AQS","060590007","3","3.5","ug/m3 LC","15","Anaheim","1","100.0000","88502","Acceptable PM2.5 AQI & Speciation Mass","31080","Los Angeles-Long Beach-Anaheim, CA","06","California","059","Orange","33.83062","-117.93845"
"03/16/2020","AQS","060590007","3","3.3","ug/m3 LC","14","Anaheim","1","100.0000","88502","Acceptable PM2.5 AQI & Speciation Mass","31080","Los Angeles-Long Beach-Anaheim, CA","06","California","059","Orange","33.83062","-117.93845"
"03/17/2020","AQS","060590007","3","1.9","ug/m3 LC","8","Anaheim","1","100.0000","88502","Acceptable PM2.5 AQI & Speciation Mass","31080","Los Angeles-Long Beach-Anaheim, CA","06","California","059","Orange","33.83062","-117.93845"
"03/18/2020","AQS","060590007","3","4.2","ug/m3 LC","18","Anaheim","1","100.0000","88502","Acceptable PM2.5 AQI & Speciation Mass","31080","Los Angeles-Long Beach-Anaheim, CA","06","California","059","Orange","33.83062","-117.93845"
"03/19/2020","AQS","060590007","3","1.5","ug/m3 LC","6","Anaheim","1","100.0000","88502","Acceptable PM2.5 AQI & Speciation Mass","31080","Los Angeles-Long Beach-Anaheim, CA","06","California","059","Orange","33.83062","-117.93845"
"03/20/2020","AQS","060590007","3","4.7","ug/m3 LC","20","Anaheim","1","100.0000","88502","Acceptable PM2.5 AQI & Speciation Mass","31080","Los Angeles-Long Beach-Anaheim, CA","06","California","059","Orange","33.83062","-117.93845"
"03/21/2020","AQS","060590007","3","4.6","ug/m3 LC","19","Anaheim","1","100.0000","88502","Acceptable PM2.5 AQI & Speciation Mass","31080","Los Angeles-Long Beach-Anaheim, CA","06","California","059","Orange","33.83062","-117.93845"
"03/22/2020","AQS","060590007","3","2.5","ug/m3 LC","10","Anaheim","1","100.0000","88502","Acceptable PM2.5 AQI & Speciation Mass","31080","Los Angeles-Long Beach-Anaheim, CA","06","California","059","Orange","33.83062","-117.93845"
"03/23/2020","AQS","060590007","3","2.4","ug/m3 LC","10","Anaheim","1","100.0000","88502","Acceptable PM2.5 AQI & Speciation Mass","31080","Los Angeles-Long Beach-Anaheim, CA","06","California","059","Orange","33.83062","-117.93845"
"03/24/2020","AQS","060590007","3","3.1","ug/m3 LC","13","Anaheim","1","100.0000","88502","Acceptable PM2.5 AQI & Speciation Mass","31080","Los Angeles-Long Beach-Anaheim, CA","06","California","059","Orange","33.83062","-117.93845"
"03/25/2020","AQS","060590007","3","1","ug/m3 LC","4","Anaheim","1","100.0000","88502","Acceptable PM2.5 AQI & Speciation Mass","31080","Los Angeles-Long Beach-Anaheim, CA","06","California","059","Orange","33.83062","-117.93845"
"03/26/2020","AQS","060590007","3","0.9","ug/m3 LC","4","Anaheim","1","100.0000","88502","Acceptable PM2.5 AQI & Speciation Mass","31080","Los Angeles-Long Beach-Anaheim, CA","06","California","059","Orange","33.83062","-117.93845"
"03/27/2020","AQS","060590007","3","3.6","ug/m3 LC","15","Anaheim","1","100.0000","88502","Acceptable PM2.5 AQI & Speciation Mass","31080","Los Angeles-Long Beach-Anaheim, CA","06","California","059","Orange","33.83062","-117.93845"
"03/28/2020","AQS","060590007","3","6","ug/m3 LC","25","Anaheim","1","100.0000","88502","Acceptable PM2.5 AQI & Speciation Mass","31080","Los Angeles-Long Beach-Anaheim, CA","06","California","059","Orange","33.83062","-117.93845"
"03/29/2020","AQS","060590007","3","7.7","ug/m3 LC","32","Anaheim","1","100.0000","88502","Acceptable PM2.5 AQI & Speciation Mass","31080","Los Angeles-Long Beach-Anaheim, CA","06","California","059","Orange","33.83062","-117.93845"
"03/30/2020","AQS","060590007","3","7.7","ug/m3 LC","32","Anaheim","1","100.0000","88502","Acceptable PM2.5 AQI & Speciation Mass","31080","Los Angeles-Long Beach-Anaheim, CA","06","California","059","Orange","33.83062","-117.93845"
"03/31/2020","AQS","060590007","3","9.2","ug/m3 LC","38","Anaheim","1","100.0000","88502","Acceptable PM2.5 AQI & Speciation Mass","31080","Los Angeles-Long Beach-Anaheim, CA","06","California","059","Orange","33.83062","-117.93845"
"04/01/2020","AirNow","060590007","3","7.7","ug/m3 LC","32","Anaheim","1","100.0000","88502","Acceptable PM2.5 AQI & Speciation Mass","31080","Los Angeles-Long Beach-Anaheim, CA","06","California","059","Orange","33.83062","-117.93845"
"04/02/2020","AirNow","060590007","3","8.3","ug/m3 LC","35","Anaheim","1","100.0000","88502","Acceptable PM2.5 AQI & Speciation Mass","31080","Los Angeles-Long Beach-Anaheim, CA","06","California","059","Orange","33.83062","-117.93845"
"04/03/2020","AirNow","060590007","3","8.7","ug/m3 LC","36","Anaheim","1","100.0000","88502","Acceptable PM2.5 AQI & Speciation Mass","31080","Los Angeles-Long Beach-Anaheim, CA","06","California","059","Orange","33.83062","-117.93845"
"04/04/2020","AirNow","060590007","3","7.1","ug/m3 LC","30","Anaheim","1","100.0000","88502","Acceptable PM2.5 AQI & Speciation Mass","31080","Los Angeles-Long Beach-Anaheim, CA","06","California","059","Orange","33.83062","-117.93845"
"04/05/2020","AirNow","060590007","3","1.5","ug/m3 LC","6","Anaheim","1","100.0000","88502","Acceptable PM2.5 AQI & Speciation Mass","31080","Los Angeles-Long Beach-Anaheim, CA","06","California","059","Orange","33.83062","-117.93845"
"04/06/2020","AirNow","060590007","3","0.7","ug/m3 LC","3","Anaheim","1","100.0000","88502","Acceptable PM2.5 AQI & Speciation Mass","31080","Los Angeles-Long Beach-Anaheim, CA","06","California","059","Orange","33.83062","-117.93845"
"04/07/2020","AirNow","060590007","3","3","ug/m3 LC","13","Anaheim","1","100.0000","88502","Acceptable PM2.5 AQI & Speciation Mass","31080","Los Angeles-Long Beach-Anaheim, CA","06","California","059","Orange","33.83062","-117.93845"
"04/08/2020","AirNow","060590007","3","1","ug/m3 LC","4","Anaheim","1","100.0000","88502","Acceptable PM2.5 AQI & Speciation Mass","31080","Los Angeles-Long Beach-Anaheim, CA","06","California","059","Orange","33.83062","-117.93845"
"04/09/2020","AirNow","060590007","3","1.8","ug/m3 LC","8","Anaheim","1","100.0000","88502","Acceptable PM2.5 AQI & Speciation Mass","31080","Los Angeles-Long Beach-Anaheim, CA","06","California","059","Orange","33.83062","-117.93845"
"04/15/2020","AirNow","060590007","3","6.7","ug/m3 LC","28","Anaheim","1","100.0000","88502","Acceptable PM2.5 AQI & Speciation Mass","31080","Los Angeles-Long Beach-Anaheim, CA","06","California","059","Orange","33.83062","-117.93845"
"04/16/2020","AirNow","060590007","3","7.7","ug/m3 LC","32","Anaheim","1","100.0000","88502","Acceptable PM2.5 AQI & Speciation Mass","31080","Los Angeles-Long Beach-Anaheim, CA","06","California","059","Orange","33.83062","-117.93845"
"04/17/2020","AirNow","060590007","3","3.1","ug/m3 LC","13","Anaheim","1","100.0000","88502","Acceptable PM2.5 AQI & Speciation Mass","31080","Los Angeles-Long Beach-Anaheim, CA","06","California","059","Orange","33.83062","-117.93845"
"04/18/2020","AirNow","060590007","3","3.7","ug/m3 LC","15","Anaheim","1","100.0000","88502","Acceptable PM2.5 AQI & Speciation Mass","31080","Los Angeles-Long Beach-Anaheim, CA","06","California","059","Orange","33.83062","-117.93845"
"04/19/2020","AirNow","060590007","3","3.5","ug/m3 LC","15","Anaheim","1","100.0000","88502","Acceptable PM2.5 AQI & Speciation Mass","31080","Los Angeles-Long Beach-Anaheim, CA","06","California","059","Orange","33.83062","-117.93845"
"04/20/2020","AirNow","060590007","3","5.1","ug/m3 LC","21","Anaheim","1","100.0000","88502","Acceptable PM2.5 AQI & Speciation Mass","31080","Los Angeles-Long Beach-Anaheim, CA","06","California","059","Orange","33.83062","-117.93845"
"04/21/2020","AirNow","060590007","3","5.6","ug/m3 LC","23","Anaheim","1","100.0000","88502","Acceptable PM2.5 AQI & Speciation Mass","31080","Los Angeles-Long Beach-Anaheim, CA","06","California","059","Orange","33.83062","-117.93845"
"04/22/2020","AirNow","060590007","3","10.5","ug/m3 LC","44","Anaheim","1","100.0000","88502","Acceptable PM2.5 AQI & Speciation Mass","31080","Los Angeles-Long Beach-Anaheim, CA","06","California","059","Orange","33.83062","-117.93845"
"04/23/2020","AirNow","060590007","3","11.3","ug/m3 LC","47","Anaheim","1","100.0000","88502","Acceptable PM2.5 AQI & Speciation Mass","31080","Los Angeles-Long Beach-Anaheim, CA","06","California","059","Orange","33.83062","-117.93845"
"04/24/2020","AirNow","060590007","3","10.7","ug/m3 LC","45","Anaheim","1","100.0000","88502","Acceptable PM2.5 AQI & Speciation Mass","31080","Los Angeles-Long Beach-Anaheim, CA","06","California","059","Orange","33.83062","-117.93845"
"04/25/2020","AirNow","060590007","3","9.5","ug/m3 LC","40","Anaheim","1","100.0000","88502","Acceptable PM2.5 AQI & Speciation Mass","31080","Los Angeles-Long Beach-Anaheim, CA","06","California","059","Orange","33.83062","-117.93845"
"04/26/2020","AirNow","060590007","3","6.7","ug/m3 LC","28","Anaheim","1","100.0000","88502","Acceptable PM2.5 AQI & Speciation Mass","31080","Los Angeles-Long Beach-Anaheim, CA","06","California","059","Orange","33.83062","-117.93845"
"04/27/2020","AirNow","060590007","3","8.5","ug/m3 LC","35","Anaheim","1","100.0000","88502","Acceptable PM2.5 AQI & Speciation Mass","31080","Los Angeles-Long Beach-Anaheim, CA","06","California","059","Orange","33.83062","-117.93845"
"04/28/2020","AirNow","060590007","3","12.3","ug/m3 LC","51","Anaheim","1","100.0000","88502","Acceptable PM2.5 AQI & Speciation Mass","31080","Los Angeles-Long Beach-Anaheim, CA","06","California","059","Orange","33.83062","-117.93845"
"04/29/2020","AirNow","060590007","3","10.2","ug/m3 LC","43","Anaheim","1","100.0000","88502","Acceptable PM2.5 AQI & Speciation Mass","31080","Los Angeles-Long Beach-Anaheim, CA","06","California","059","Orange","33.83062","-117.93845"
"04/30/2020","AirNow","060590007","3","11.3","ug/m3 LC","47","Anaheim","1","100.0000","88502","Acceptable PM2.5 AQI & Speciation Mass","31080","Los Angeles-Long Beach-Anaheim, CA","06","California","059","Orange","33.83062","-117.93845"
"05/01/2020","AirNow","060590007","3","10","ug/m3 LC","42","Anaheim","1","100.0000","88502","Acceptable PM2.5 AQI & Speciation Mass","31080","Los Angeles-Long Beach-Anaheim, CA","06","California","059","Orange","33.83062","-117.93845"
"05/02/2020","AirNow","060590007","3","9.7","ug/m3 LC","40","Anaheim","1","100.0000","88502","Acceptable PM2.5 AQI & Speciation Mass","31080","Los Angeles-Long Beach-Anaheim, CA","06","California","059","Orange","33.83062","-117.93845"
"05/03/2020","AirNow","060590007","3","8.8","ug/m3 LC","37","Anaheim","1","100.0000","88502","Acceptable PM2.5 AQI & Speciation Mass","31080","Los Angeles-Long Beach-Anaheim, CA","06","California","059","Orange","33.83062","-117.93845"
"05/04/2020","AirNow","060590007","3","10.1","ug/m3 LC","42","Anaheim","1","100.0000","88502","Acceptable PM2.5 AQI & Speciation Mass","31080","Los Angeles-Long Beach-Anaheim, CA","06","California","059","Orange","33.83062","-117.93845"
"05/05/2020","AirNow","060590007","3","13","ug/m3 LC","53","Anaheim","1","100.0000","88502","Acceptable PM2.5 AQI & Speciation Mass","31080","Los Angeles-Long Beach-Anaheim, CA","06","California","059","Orange","33.83062","-117.93845"
"05/06/2020","AirNow","060590007","3","14.3","ug/m3 LC","56","Anaheim","1","100.0000","88502","Acceptable PM2.5 AQI & Speciation Mass","31080","Los Angeles-Long Beach-Anaheim, CA","06","California","059","Orange","33.83062","-117.93845"
"05/07/2020","AirNow","060590007","3","13.3","ug/m3 LC","54","Anaheim","1","100.0000","88502","Acceptable PM2.5 AQI & Speciation Mass","31080","Los Angeles-Long Beach-Anaheim, CA","06","California","059","Orange","33.83062","-117.93845"
"05/08/2020","AirNow","060590007","3","16.8","ug/m3 LC","61","Anaheim","1","100.0000","88502","Acceptable PM2.5 AQI & Speciation Mass","31080","Los Angeles-Long Beach-Anaheim, CA","06","California","059","Orange","33.83062","-117.93845"
"05/09/2020","AirNow","060590007","3","15.2","ug/m3 LC","58","Anaheim","1","100.0000","88502","Acceptable PM2.5 AQI & Speciation Mass","31080","Los Angeles-Long Beach-Anaheim, CA","06","California","059","Orange","33.83062","-117.93845"
"05/10/2020","AirNow","060590007","3","11.9","ug/m3 LC","50","Anaheim","1","100.0000","88502","Acceptable PM2.5 AQI & Speciation Mass","31080","Los Angeles-Long Beach-Anaheim, CA","06","California","059","Orange","33.83062","-117.93845"
"05/11/2020","AirNow","060590007","3","7.7","ug/m3 LC","32","Anaheim","1","100.0000","88502","Acceptable PM2.5 AQI & Speciation Mass","31080","Los Angeles-Long Beach-Anaheim, CA","06","California","059","Orange","33.83062","-117.93845"
"05/12/2020","AirNow","060590007","3","3.4","ug/m3 LC","14","Anaheim","1","100.0000","88502","Acceptable PM2.5 AQI & Speciation Mass","31080","Los Angeles-Long Beach-Anaheim, CA","06","California","059","Orange","33.83062","-117.93845"
"05/13/2020","AirNow","060590007","3","3.3","ug/m3 LC","14","Anaheim","1","100.0000","88502","Acceptable PM2.5 AQI & Speciation Mass","31080","Los Angeles-Long Beach-Anaheim, CA","06","California","059","Orange","33.83062","-117.93845"
"05/14/2020","AirNow","060590007","3","6.1","ug/m3 LC","25","Anaheim","1","100.0000","88502","Acceptable PM2.5 AQI & Speciation Mass","31080","Los Angeles-Long Beach-Anaheim, CA","06","California","059","Orange","33.83062","-117.93845"
"05/15/2020","AirNow","060590007","3","7.7","ug/m3 LC","32","Anaheim","1","100.0000","88502","Acceptable PM2.5 AQI & Speciation Mass","31080","Los Angeles-Long Beach-Anaheim, CA","06","California","059","Orange","33.83062","-117.93845"
"05/16/2020","AirNow","060590007","3","10.5","ug/m3 LC","44","Anaheim","1","100.0000","88502","Acceptable PM2.5 AQI & Speciation Mass","31080","Los Angeles-Long Beach-Anaheim, CA","06","California","059","Orange","33.83062","-117.93845"
"05/17/2020","AirNow","060590007","3","8.3","ug/m3 LC","35","Anaheim","1","100.0000","88502","Acceptable PM2.5 AQI & Speciation Mass","31080","Los Angeles-Long Beach-Anaheim, CA","06","California","059","Orange","33.83062","-117.93845"
"05/18/2020","AirNow","060590007","3","3.8","ug/m3 LC","16","Anaheim","1","100.0000","88502","Acceptable PM2.5 AQI & Speciation Mass","31080","Los Angeles-Long Beach-Anaheim, CA","06","California","059","Orange","33.83062","-117.93845"
"05/19/2020","AirNow","060590007","3","4.4","ug/m3 LC","18","Anaheim","1","100.0000","88502","Acceptable PM2.5 AQI & Speciation Mass","31080","Los Angeles-Long Beach-Anaheim, CA","06","California","059","Orange","33.83062","-117.93845"
"05/20/2020","AirNow","060590007","3","6.5","ug/m3 LC","27","Anaheim","1","100.0000","88502","Acceptable PM2.5 AQI & Speciation Mass","31080","Los Angeles-Long Beach-Anaheim, CA","06","California","059","Orange","33.83062","-117.93845"
"05/21/2020","AirNow","060590007","3","9.2","ug/m3 LC","38","Anaheim","1","100.0000","88502","Acceptable PM2.5 AQI & Speciation Mass","31080","Los Angeles-Long Beach-Anaheim, CA","06","California","059","Orange","33.83062","-117.93845"
"05/22/2020","AirNow","060590007","3","10.4","ug/m3 LC","43","Anaheim","1","100.0000","88502","Acceptable PM2.5 AQI & Speciation Mass","31080","Los Angeles-Long Beach-Anaheim, CA","06","California","059","Orange","33.83062","-117.93845"
"05/23/2020","AirNow","060590007","3","10.6","ug/m3 LC","44","Anaheim","1","100.0000","88502","Acceptable PM2.5 AQI & Speciation Mass","31080","Los Angeles-Long Beach-Anaheim, CA","06","California","059","Orange","33.83062","-117.93845"
"05/24/2020","AirNow","060590007","3","14.4","ug/m3 LC","56","Anaheim","1","100.0000","88502","Acceptable PM2.5 AQI & Speciation Mass","31080","Los Angeles-Long Beach-Anaheim, CA","06","California","059","Orange","33.83062","-117.93845"
"05/25/2020","AirNow","060590007","3","15.1","ug/m3 LC","57","Anaheim","1","100.0000","88502","Acceptable PM2.5 AQI & Speciation Mass","31080","Los Angeles-Long Beach-Anaheim, CA","06","California","059","Orange","33.83062","-117.93845"
"05/26/2020","AirNow","060590007","3","14.3","ug/m3 LC","56","Anaheim","1","100.0000","88502","Acceptable PM2.5 AQI & Speciation Mass","31080","Los Angeles-Long Beach-Anaheim, CA","06","California","059","Orange","33.83062","-117.93845"
"05/27/2020","AirNow","060590007","3","8.4","ug/m3 LC","35","Anaheim","1","100.0000","88502","Acceptable PM2.5 AQI & Speciation Mass","31080","Los Angeles-Long Beach-Anaheim, CA","06","California","059","Orange","33.83062","-117.93845"
"05/28/2020","AirNow","060590007","3","6.2","ug/m3 LC","26","Anaheim","1","100.0000","88502","Acceptable PM2.5 AQI & Speciation Mass","31080","Los Angeles-Long Beach-Anaheim, CA","06","California","059","Orange","33.83062","-117.93845"
"05/29/2020","AirNow","060590007","3","1.8","ug/m3 LC","8","Anaheim","1","100.0000","88502","Acceptable PM2.5 AQI & Speciation Mass","31080","Los Angeles-Long Beach-Anaheim, CA","06","California","059","Orange","33.83062","-117.93845"
"05/30/2020","AirNow","060590007","3","4","ug/m3 LC","17","Anaheim","1","100.0000","88502","Acceptable PM2.5 AQI & Speciation Mass","31080","Los Angeles-Long Beach-Anaheim, CA","06","California","059","Orange","33.83062","-117.93845"
"05/31/2020","AirNow","060590007","3","5.2","ug/m3 LC","22","Anaheim","1","100.0000","88502","Acceptable PM2.5 AQI & Speciation Mass","31080","Los Angeles-Long Beach-Anaheim, CA","06","California","059","Orange","33.83062","-117.93845"
"06/01/2020","AirNow","060590007","3","8.3","ug/m3 LC","35","Anaheim","1","100.0000","88502","Acceptable PM2.5 AQI & Speciation Mass","31080","Los Angeles-Long Beach-Anaheim, CA","06","California","059","Orange","33.83062","-117.93845"
"06/02/2020","AirNow","060590007","3","10.4","ug/m3 LC","43","Anaheim","1","100.0000","88502","Acceptable PM2.5 AQI & Speciation Mass","31080","Los Angeles-Long Beach-Anaheim, CA","06","California","059","Orange","33.83062","-117.93845"
"06/03/2020","AirNow","060590007","3","12.3","ug/m3 LC","51","Anaheim","1","100.0000","88502","Acceptable PM2.5 AQI & Speciation Mass","31080","Los Angeles-Long Beach-Anaheim, CA","06","California","059","Orange","33.83062","-117.93845"
"06/04/2020","AirNow","060590007","3","9.4","ug/m3 LC","39","Anaheim","1","100.0000","88502","Acceptable PM2.5 AQI & Speciation Mass","31080","Los Angeles-Long Beach-Anaheim, CA","06","California","059","Orange","33.83062","-117.93845"
"06/05/2020","AirNow","060590007","3","6.2","ug/m3 LC","26","Anaheim","1","100.0000","88502","Acceptable PM2.5 AQI & Speciation Mass","31080","Los Angeles-Long Beach-Anaheim, CA","06","California","059","Orange","33.83062","-117.93845"
"06/06/2020","AirNow","060590007","3","6.2","ug/m3 LC","26","Anaheim","1","100.0000","88502","Acceptable PM2.5 AQI & Speciation Mass","31080","Los Angeles-Long Beach-Anaheim, CA","06","California","059","Orange","33.83062","-117.93845"
"06/07/2020","AirNow","060590007","3","8.1","ug/m3 LC","34","Anaheim","1","100.0000","88502","Acceptable PM2.5 AQI & Speciation Mass","31080","Los Angeles-Long Beach-Anaheim, CA","06","California","059","Orange","33.83062","-117.93845"
"06/08/2020","AirNow","060590007","3","6.8","ug/m3 LC","28","Anaheim","1","100.0000","88502","Acceptable PM2.5 AQI & Speciation Mass","31080","Los Angeles-Long Beach-Anaheim, CA","06","California","059","Orange","33.83062","-117.93845"
"06/09/2020","AirNow","060590007","3","2.9","ug/m3 LC","12","Anaheim","1","100.0000","88502","Acceptable PM2.5 AQI & Speciation Mass","31080","Los Angeles-Long Beach-Anaheim, CA","06","California","059","Orange","33.83062","-117.93845"
"06/10/2020","AirNow","060590007","3","7.9","ug/m3 LC","33","Anaheim","1","100.0000","88502","Acceptable PM2.5 AQI & Speciation Mass","31080","Los Angeles-Long Beach-Anaheim, CA","06","California","059","Orange","33.83062","-117.93845"
"06/11/2020","AirNow","060590007","3","9.1","ug/m3 LC","38","Anaheim","1","100.0000","88502","Acceptable PM2.5 AQI & Speciation Mass","31080","Los Angeles-Long Beach-Anaheim, CA","06","California","059","Orange","33.83062","-117.93845"
"06/12/2020","AirNow","060590007","3","9.7","ug/m3 LC","40","Anaheim","1","100.0000","88502","Acceptable PM2.5 AQI & Speciation Mass","31080","Los Angeles-Long Beach-Anaheim, CA","06","California","059","Orange","33.83062","-117.93845"
"06/13/2020","AirNow","060590007","3","7.5","ug/m3 LC","31","Anaheim","1","100.0000","88502","Acceptable PM2.5 AQI & Speciation Mass","31080","Los Angeles-Long Beach-Anaheim, CA","06","California","059","Orange","33.83062","-117.93845"
"06/14/2020","AirNow","060590007","3","7.2","ug/m3 LC","30","Anaheim","1","100.0000","88502","Acceptable PM2.5 AQI & Speciation Mass","31080","Los Angeles-Long Beach-Anaheim, CA","06","California","059","Orange","33.83062","-117.93845"
"06/15/2020","AirNow","060590007","3","6.8","ug/m3 LC","28","Anaheim","1","100.0000","88502","Acceptable PM2.5 AQI & Speciation Mass","31080","Los Angeles-Long Beach-Anaheim, CA","06","California","059","Orange","33.83062","-117.93845"
"06/16/2020","AirNow","060590007","3","8.3","ug/m3 LC","35","Anaheim","1","100.0000","88502","Acceptable PM2.5 AQI & Speciation Mass","31080","Los Angeles-Long Beach-Anaheim, CA","06","California","059","Orange","33.83062","-117.93845"
"06/17/2020","AirNow","060590007","3","7.6","ug/m3 LC","32","Anaheim","1","100.0000","88502","Acceptable PM2.5 AQI & Speciation Mass","31080","Los Angeles-Long Beach-Anaheim, CA","06","California","059","Orange","33.83062","-117.93845"
"06/18/2020","AirNow","060590007","3","8.5","ug/m3 LC","35","Anaheim","1","100.0000","88502","Acceptable PM2.5 AQI & Speciation Mass","31080","Los Angeles-Long Beach-Anaheim, CA","06","California","059","Orange","33.83062","-117.93845"
"06/19/2020","AirNow","060590007","3","9.7","ug/m3 LC","40","Anaheim","1","100.0000","88502","Acceptable PM2.5 AQI & Speciation Mass","31080","Los Angeles-Long Beach-Anaheim, CA","06","California","059","Orange","33.83062","-117.93845"
"06/20/2020","AirNow","060590007","3","11.3","ug/m3 LC","47","Anaheim","1","100.0000","88502","Acceptable PM2.5 AQI & Speciation Mass","31080","Los Angeles-Long Beach-Anaheim, CA","06","California","059","Orange","33.83062","-117.93845"
"06/21/2020","AirNow","060590007","3","10","ug/m3 LC","42","Anaheim","1","100.0000","88502","Acceptable PM2.5 AQI & Speciation Mass","31080","Los Angeles-Long Beach-Anaheim, CA","06","California","059","Orange","33.83062","-117.93845"
"06/22/2020","AirNow","060590007","3","7.6","ug/m3 LC","32","Anaheim","1","100.0000","88502","Acceptable PM2.5 AQI & Speciation Mass","31080","Los Angeles-Long Beach-Anaheim, CA","06","California","059","Orange","33.83062","-117.93845"
"06/23/2020","AirNow","060590007","3","8.5","ug/m3 LC","35","Anaheim","1","100.0000","88502","Acceptable PM2.5 AQI & Speciation Mass","31080","Los Angeles-Long Beach-Anaheim, CA","06","California","059","Orange","33.83062","-117.93845"
"06/24/2020","AirNow","060590007","3","9.3","ug/m3 LC","39","Anaheim","1","100.0000","88502","Acceptable PM2.5 AQI & Speciation Mass","31080","Los Angeles-Long Beach-Anaheim, CA","06","California","059","Orange","33.83062","-117.93845"
"06/25/2020","AirNow","060590007","3","5.6","ug/m3 LC","23","Anaheim","1","100.0000","88502","Acceptable PM2.5 AQI & Speciation Mass","31080","Los Angeles-Long Beach-Anaheim, CA","06","California","059","Orange","33.83062","-117.93845"
"06/26/2020","AirNow","060590007","3","10.4","ug/m3 LC","43","Anaheim","1","100.0000","88502","Acceptable PM2.5 AQI & Speciation Mass","31080","Los Angeles-Long Beach-Anaheim, CA","06","California","059","Orange","33.83062","-117.93845"
"06/27/2020","AirNow","060590007","3","6","ug/m3 LC","25","Anaheim","1","100.0000","88502","Acceptable PM2.5 AQI & Speciation Mass","31080","Los Angeles-Long Beach-Anaheim, CA","06","California","059","Orange","33.83062","-117.93845"
"06/28/2020","AirNow","060590007","3","3.3","ug/m3 LC","14","Anaheim","1","100.0000","88502","Acceptable PM2.5 AQI & Speciation Mass","31080","Los Angeles-Long Beach-Anaheim, CA","06","California","059","Orange","33.83062","-117.93845"
"06/29/2020","AirNow","060590007","3","3.8","ug/m3 LC","16","Anaheim","1","100.0000","88502","Acceptable PM2.5 AQI & Speciation Mass","31080","Los Angeles-Long Beach-Anaheim, CA","06","California","059","Orange","33.83062","-117.93845"
"06/30/2020","AirNow","060590007","3","9.4","ug/m3 LC","39","Anaheim","1","100.0000","88502","Acceptable PM2.5 AQI & Speciation Mass","31080","Los Angeles-Long Beach-Anaheim, CA","06","California","059","Orange","33.83062","-117.93845"
"07/01/2020","AirNow","060590007","3","9.2","ug/m3 LC","38","Anaheim","1","100.0000","88502","Acceptable PM2.5 AQI & Speciation Mass","31080","Los Angeles-Long Beach-Anaheim, CA","06","California","059","Orange","33.83062","-117.93845"
"01/01/2020","AQS","060592022","1","7.1","ug/m3 LC","30","Mission Viejo","1","100.0000","88101","PM2.5 - Local Conditions","31080","Los Angeles-Long Beach-Anaheim, CA","06","California","059","Orange","33.63003","-117.67593"
"01/04/2020","AQS","060592022","1","12.6","ug/m3 LC","52","Mission Viejo","1","100.0000","88101","PM2.5 - Local Conditions","31080","Los Angeles-Long Beach-Anaheim, CA","06","California","059","Orange","33.63003","-117.67593"
"01/07/2020","AQS","060592022","1","2.8","ug/m3 LC","12","Mission Viejo","1","100.0000","88101","PM2.5 - Local Conditions","31080","Los Angeles-Long Beach-Anaheim, CA","06","California","059","Orange","33.63003","-117.67593"
"01/10/2020","AQS","060592022","1","5.2","ug/m3 LC","22","Mission Viejo","1","100.0000","88101","PM2.5 - Local Conditions","31080","Los Angeles-Long Beach-Anaheim, CA","06","California","059","Orange","33.63003","-117.67593"
"01/13/2020","AQS","060592022","1","7.7","ug/m3 LC","32","Mission Viejo","1","100.0000","88101","PM2.5 - Local Conditions","31080","Los Angeles-Long Beach-Anaheim, CA","06","California","059","Orange","33.63003","-117.67593"
"01/16/2020","AQS","060592022","1","16.3","ug/m3 LC","60","Mission Viejo","1","100.0000","88101","PM2.5 - Local Conditions","31080","Los Angeles-Long Beach-Anaheim, CA","06","California","059","Orange","33.63003","-117.67593"
"01/19/2020","AQS","060592022","1","5.4","ug/m3 LC","23","Mission Viejo","1","100.0000","88101","PM2.5 - Local Conditions","31080","Los Angeles-Long Beach-Anaheim, CA","06","California","059","Orange","33.63003","-117.67593"
"01/22/2020","AQS","060592022","1","4.8","ug/m3 LC","20","Mission Viejo","1","100.0000","88101","PM2.5 - Local Conditions","31080","Los Angeles-Long Beach-Anaheim, CA","06","California","059","Orange","33.63003","-117.67593"
"01/25/2020","AQS","060592022","1","14","ug/m3 LC","55","Mission Viejo","1","100.0000","88101","PM2.5 - Local Conditions","31080","Los Angeles-Long Beach-Anaheim, CA","06","California","059","Orange","33.63003","-117.67593"
"01/28/2020","AQS","060592022","1","6.5","ug/m3 LC","27","Mission Viejo","1","100.0000","88101","PM2.5 - Local Conditions","31080","Los Angeles-Long Beach-Anaheim, CA","06","California","059","Orange","33.63003","-117.67593"
"01/31/2020","AQS","060592022","1","4.4","ug/m3 LC","18","Mission Viejo","1","100.0000","88101","PM2.5 - Local Conditions","31080","Los Angeles-Long Beach-Anaheim, CA","06","California","059","Orange","33.63003","-117.67593"
"02/03/2020","AQS","060592022","1","3.5","ug/m3 LC","15","Mission Viejo","1","100.0000","88101","PM2.5 - Local Conditions","31080","Los Angeles-Long Beach-Anaheim, CA","06","California","059","Orange","33.63003","-117.67593"
"02/06/2020","AQS","060592022","1","4.9","ug/m3 LC","20","Mission Viejo","1","100.0000","88101","PM2.5 - Local Conditions","31080","Los Angeles-Long Beach-Anaheim, CA","06","California","059","Orange","33.63003","-117.67593"
"02/09/2020","AQS","060592022","1","5.2","ug/m3 LC","22","Mission Viejo","1","100.0000","88101","PM2.5 - Local Conditions","31080","Los Angeles-Long Beach-Anaheim, CA","06","California","059","Orange","33.63003","-117.67593"
"02/12/2020","AQS","060592022","1","6.5","ug/m3 LC","27","Mission Viejo","1","100.0000","88101","PM2.5 - Local Conditions","31080","Los Angeles-Long Beach-Anaheim, CA","06","California","059","Orange","33.63003","-117.67593"
"02/15/2020","AQS","060592022","1","7.8","ug/m3 LC","33","Mission Viejo","1","100.0000","88101","PM2.5 - Local Conditions","31080","Los Angeles-Long Beach-Anaheim, CA","06","California","059","Orange","33.63003","-117.67593"
"02/18/2020","AQS","060592022","1","8.6","ug/m3 LC","36","Mission Viejo","1","100.0000","88101","PM2.5 - Local Conditions","31080","Los Angeles-Long Beach-Anaheim, CA","06","California","059","Orange","33.63003","-117.67593"
"02/21/2020","AQS","060592022","1","7.9","ug/m3 LC","33","Mission Viejo","1","100.0000","88101","PM2.5 - Local Conditions","31080","Los Angeles-Long Beach-Anaheim, CA","06","California","059","Orange","33.63003","-117.67593"
"02/24/2020","AQS","060592022","1","12.4","ug/m3 LC","52","Mission Viejo","1","100.0000","88101","PM2.5 - Local Conditions","31080","Los Angeles-Long Beach-Anaheim, CA","06","California","059","Orange","33.63003","-117.67593"
"02/27/2020","AQS","060592022","1","4.3","ug/m3 LC","18","Mission Viejo","1","100.0000","88101","PM2.5 - Local Conditions","31080","Los Angeles-Long Beach-Anaheim, CA","06","California","059","Orange","33.63003","-117.67593"
"03/01/2020","AQS","060592022","1","6.2","ug/m3 LC","26","Mission Viejo","1","100.0000","88101","PM2.5 - Local Conditions","31080","Los Angeles-Long Beach-Anaheim, CA","06","California","059","Orange","33.63003","-117.67593"
"03/04/2020","AQS","060592022","1","10.6","ug/m3 LC","44","Mission Viejo","1","100.0000","88101","PM2.5 - Local Conditions","31080","Los Angeles-Long Beach-Anaheim, CA","06","California","059","Orange","33.63003","-117.67593"
"03/07/2020","AQS","060592022","1","2.4","ug/m3 LC","10","Mission Viejo","1","100.0000","88101","PM2.5 - Local Conditions","31080","Los Angeles-Long Beach-Anaheim, CA","06","California","059","Orange","33.63003","-117.67593"
"03/10/2020","AQS","060592022","1","1.8","ug/m3 LC","8","Mission Viejo","1","100.0000","88101","PM2.5 - Local Conditions","31080","Los Angeles-Long Beach-Anaheim, CA","06","California","059","Orange","33.63003","-117.67593"
"03/13/2020","AQS","060592022","1","2.7","ug/m3 LC","11","Mission Viejo","1","100.0000","88101","PM2.5 - Local Conditions","31080","Los Angeles-Long Beach-Anaheim, CA","06","California","059","Orange","33.63003","-117.67593"
"03/16/2020","AQS","060592022","1","3.2","ug/m3 LC","13","Mission Viejo","1","100.0000","88101","PM2.5 - Local Conditions","31080","Los Angeles-Long Beach-Anaheim, CA","06","California","059","Orange","33.63003","-117.67593"
"03/19/2020","AQS","060592022","1","2.3","ug/m3 LC","10","Mission Viejo","1","100.0000","88101","PM2.5 - Local Conditions","31080","Los Angeles-Long Beach-Anaheim, CA","06","California","059","Orange","33.63003","-117.67593"
"03/22/2020","AQS","060592022","1","1.8","ug/m3 LC","8","Mission Viejo","1","100.0000","88101","PM2.5 - Local Conditions","31080","Los Angeles-Long Beach-Anaheim, CA","06","California","059","Orange","33.63003","-117.67593"
"03/25/2020","AQS","060592022","1","2","ug/m3 LC","8","Mission Viejo","1","100.0000","88101","PM2.5 - Local Conditions","31080","Los Angeles-Long Beach-Anaheim, CA","06","California","059","Orange","33.63003","-117.67593"
"03/28/2020","AQS","060592022","1","4.7","ug/m3 LC","20","Mission Viejo","1","100.0000","88101","PM2.5 - Local Conditions","31080","Los Angeles-Long Beach-Anaheim, CA","06","California","059","Orange","33.63003","-117.67593"
"03/31/2020","AQS","060592022","1","7.2","ug/m3 LC","30","Mission Viejo","1","100.0000","88101","PM2.5 - Local Conditions","31080","Los Angeles-Long Beach-Anaheim, CA","06","California","059","Orange","33.63003","-117.67593"
